{
  "0": {
    "size": 592,
    "percentage": 9.866666666666667,
    "avg_intra_distance": 19.326152673232396,
    "max_intra_distance": 24.402629346185577,
    "avg_distance_to_center": 13.653436879154361,
    "files": [
      "2",
      "26",
      "30",
      "39",
      "53",
      "66",
      "69",
      "75",
      "84",
      "96"
    ]
  },
  "1": {
    "size": 492,
    "percentage": 8.200000000000001,
    "avg_intra_distance": 19.365562760350475,
    "max_intra_distance": 23.74839990556436,
    "avg_distance_to_center": 13.679020982067616,
    "files": [
      "4",
      "5",
      "16",
      "32",
      "41",
      "70",
      "79",
      "83",
      "86",
      "106"
    ]
  },
  "2": {
    "size": 531,
    "percentage": 8.85,
    "avg_intra_distance": 19.44379065829458,
    "max_intra_distance": 23.80290405108734,
    "avg_distance_to_center": 13.7359324791754,
    "files": [
      "9",
      "18",
      "21",
      "25",
      "27",
      "28",
      "29",
      "34",
      "43",
      "46"
    ]
  },
  "3": {
    "size": 475,
    "percentage": 7.916666666666666,
    "avg_intra_distance": 19.38242211209794,
    "max_intra_distance": 23.885095304962647,
    "avg_distance_to_center": 13.691427400385027,
    "files": [
      "7",
      "10",
      "11",
      "17",
      "35",
      "58",
      "62",
      "76",
      "89",
      "97"
    ]
  },
  "4": {
    "size": 507,
    "percentage": 8.450000000000001,
    "avg_intra_distance": 19.292043854114684,
    "max_intra_distance": 23.524792435952488,
    "avg_distance_to_center": 13.627518213420478,
    "files": [
      "13",
      "47",
      "55",
      "60",
      "61",
      "68",
      "93",
      "118",
      "127",
      "138"
    ]
  },
  "5": {
    "size": 456,
    "percentage": 7.6,
    "avg_intra_distance": 19.36520509447975,
    "max_intra_distance": 23.84050518363297,
    "avg_distance_to_center": 13.67807716013954,
    "files": [
      "1",
      "20",
      "38",
      "52",
      "90",
      "102",
      "104",
      "134",
      "135",
      "140"
    ]
  },
  "6": {
    "size": 533,
    "percentage": 8.883333333333333,
    "avg_intra_distance": 19.32065429262285,
    "max_intra_distance": 24.13652114193539,
    "avg_distance_to_center": 13.649438868585552,
    "files": [
      "22",
      "82",
      "85",
      "99",
      "130",
      "155",
      "203",
      "219",
      "228",
      "236"
    ]
  },
  "7": {
    "size": 525,
    "percentage": 8.75,
    "avg_intra_distance": 19.350262890079776,
    "max_intra_distance": 23.472278061173434,
    "avg_distance_to_center": 13.670173920900343,
    "files": [
      "8",
      "23",
      "42",
      "72",
      "73",
      "92",
      "100",
      "107",
      "114",
      "122"
    ]
  },
  "8": {
    "size": 488,
    "percentage": 8.133333333333333,
    "avg_intra_distance": 19.421513196690203,
    "max_intra_distance": 24.208907485848524,
    "avg_distance_to_center": 13.71897598986306,
    "files": [
      "3",
      "24",
      "33",
      "37",
      "40",
      "57",
      "64",
      "74",
      "77",
      "80"
    ]
  },
  "9": {
    "size": 416,
    "percentage": 6.933333333333333,
    "avg_intra_distance": 19.341148277473053,
    "max_intra_distance": 23.671278854666955,
    "avg_distance_to_center": 13.659789234251635,
    "files": [
      "19",
      "45",
      "51",
      "59",
      "71",
      "88",
      "121",
      "160",
      "178",
      "188"
    ]
  },
  "10": {
    "size": 490,
    "percentage": 8.166666666666666,
    "avg_intra_distance": 19.332847027042117,
    "max_intra_distance": 23.943149433774366,
    "avg_distance_to_center": 13.656884232394816,
    "files": [
      "14",
      "48",
      "65",
      "78",
      "87",
      "91",
      "103",
      "105",
      "129",
      "150"
    ]
  },
  "11": {
    "size": 495,
    "percentage": 8.25,
    "avg_intra_distance": 19.36724162924026,
    "max_intra_distance": 23.528849409218882,
    "avg_distance_to_center": 13.680738793417424,
    "files": [
      "6",
      "12",
      "15",
      "31",
      "36",
      "44",
      "49",
      "50",
      "95",
      "119"
    ]
  }
}