{
  "0": {
    "size": 416,
    "percentage": 8.32,
    "avg_intra_distance": 17.236169815063477,
    "max_intra_distance": 29.294355392456055,
    "avg_distance_to_center": 12.197066307067871,
    "files": [
      "9",
      "38",
      "47",
      "50",
      "68",
      "82",
      "88",
      "125",
      "129",
      "140"
    ]
  },
  "1": {
    "size": 418,
    "percentage": 8.36,
    "avg_intra_distance": 16.74373435974121,
    "max_intra_distance": 31.48944091796875,
    "avg_distance_to_center": 11.870219230651855,
    "files": [
      "11",
      "26",
      "40",
      "54",
      "103",
      "112",
      "122",
      "148",
      "170",
      "186"
    ]
  },
  "2": {
    "size": 654,
    "percentage": 13.08,
    "avg_intra_distance": 17.875818252563477,
    "max_intra_distance": 28.636533737182617,
    "avg_distance_to_center": 12.643319129943848,
    "files": [
      "6",
      "7",
      "14",
      "28",
      "31",
      "35",
      "42",
      "43",
      "52",
      "53"
    ]
  },
  "3": {
    "size": 288,
    "percentage": 5.76,
    "avg_intra_distance": 15.80742359161377,
    "max_intra_distance": 25.29715919494629,
    "avg_distance_to_center": 11.2669095993042,
    "files": [
      "12",
      "30",
      "71",
      "75",
      "98",
      "120",
      "147",
      "169",
      "213",
      "222"
    ]
  },
  "4": {
    "size": 409,
    "percentage": 8.18,
    "avg_intra_distance": 17.412677764892578,
    "max_intra_distance": 26.861087799072266,
    "avg_distance_to_center": 12.387490272521973,
    "files": [
      "3",
      "22",
      "27",
      "29",
      "34",
      "51",
      "55",
      "57",
      "65",
      "67"
    ]
  },
  "5": {
    "size": 386,
    "percentage": 7.720000000000001,
    "avg_intra_distance": 17.142229080200195,
    "max_intra_distance": 27.448869705200195,
    "avg_distance_to_center": 12.16759967803955,
    "files": [
      "8",
      "66",
      "80",
      "81",
      "92",
      "97",
      "121",
      "183",
      "199",
      "206"
    ]
  },
  "6": {
    "size": 507,
    "percentage": 10.14,
    "avg_intra_distance": 17.608884811401367,
    "max_intra_distance": 30.066322326660156,
    "avg_distance_to_center": 12.470525741577148,
    "files": [
      "20",
      "58",
      "63",
      "69",
      "78",
      "83",
      "102",
      "111",
      "114",
      "115"
    ]
  },
  "7": {
    "size": 579,
    "percentage": 11.58,
    "avg_intra_distance": 18.126033782958984,
    "max_intra_distance": 29.788225173950195,
    "avg_distance_to_center": 12.85133171081543,
    "files": [
      "1",
      "2",
      "5",
      "17",
      "32",
      "41",
      "62",
      "73",
      "93",
      "105"
    ]
  },
  "8": {
    "size": 191,
    "percentage": 3.82,
    "avg_intra_distance": 17.676166534423828,
    "max_intra_distance": 28.00933265686035,
    "avg_distance_to_center": 12.611624717712402,
    "files": [
      "10",
      "16",
      "23",
      "24",
      "44",
      "45",
      "77",
      "79",
      "104",
      "106"
    ]
  },
  "9": {
    "size": 227,
    "percentage": 4.54,
    "avg_intra_distance": 16.807645797729492,
    "max_intra_distance": 26.04340934753418,
    "avg_distance_to_center": 11.933138847351074,
    "files": [
      "21",
      "33",
      "39",
      "48",
      "49",
      "123",
      "135",
      "163",
      "184",
      "187"
    ]
  },
  "10": {
    "size": 263,
    "percentage": 5.26,
    "avg_intra_distance": 16.751543045043945,
    "max_intra_distance": 26.662294387817383,
    "avg_distance_to_center": 11.94635009765625,
    "files": [
      "4",
      "19",
      "56",
      "61",
      "76",
      "85",
      "99",
      "145",
      "188",
      "189"
    ]
  },
  "11": {
    "size": 662,
    "percentage": 13.239999999999998,
    "avg_intra_distance": 18.382402420043945,
    "max_intra_distance": 30.15477752685547,
    "avg_distance_to_center": 12.996264457702637,
    "files": [
      "13",
      "15",
      "18",
      "25",
      "36",
      "37",
      "46",
      "60",
      "64",
      "74"
    ]
  }
}