{
  "0": {
    "size": 707,
    "percentage": 11.783333333333333,
    "avg_intra_distance": 37.38482430077699,
    "max_intra_distance": 41.891101141970445,
    "avg_distance_to_center": 26.41552411311334,
    "files": [
      "10",
      "12",
      "25",
      "34",
      "39",
      "41",
      "44",
      "47",
      "55",
      "64"
    ]
  },
  "1": {
    "size": 385,
    "percentage": 6.416666666666666,
    "avg_intra_distance": 37.30476755404414,
    "max_intra_distance": 41.68662360704305,
    "avg_distance_to_center": 26.343671783463883,
    "files": [
      "17",
      "42",
      "90",
      "100",
      "114",
      "128",
      "138",
      "140",
      "141",
      "157"
    ]
  },
  "2": {
    "size": 307,
    "percentage": 5.116666666666666,
    "avg_intra_distance": 37.41851298081763,
    "max_intra_distance": 41.61818326028306,
    "avg_distance_to_center": 26.415852687813345,
    "files": [
      "56",
      "61",
      "78",
      "85",
      "123",
      "146",
      "147",
      "159",
      "189",
      "194"
    ]
  },
  "3": {
    "size": 321,
    "percentage": 5.35,
    "avg_intra_distance": 37.2931110717396,
    "max_intra_distance": 41.32042314612534,
    "avg_distance_to_center": 26.32927157420379,
    "files": [
      "3",
      "7",
      "13",
      "63",
      "76",
      "82",
      "182",
      "197",
      "256",
      "268"
    ]
  },
  "4": {
    "size": 451,
    "percentage": 7.5166666666666675,
    "avg_intra_distance": 37.4172077217269,
    "max_intra_distance": 41.56297927670069,
    "avg_distance_to_center": 26.428582266820627,
    "files": [
      "6",
      "9",
      "11",
      "27",
      "37",
      "83",
      "88",
      "98",
      "99",
      "129"
    ]
  },
  "5": {
    "size": 550,
    "percentage": 9.166666666666666,
    "avg_intra_distance": 37.407694845646226,
    "max_intra_distance": 41.855750600003034,
    "avg_distance_to_center": 26.42697603346133,
    "files": [
      "18",
      "20",
      "28",
      "46",
      "49",
      "53",
      "54",
      "60",
      "79",
      "101"
    ]
  },
  "6": {
    "size": 468,
    "percentage": 7.8,
    "avg_intra_distance": 37.36901290823925,
    "max_intra_distance": 41.755898662144475,
    "avg_distance_to_center": 26.394953148684277,
    "files": [
      "1",
      "26",
      "35",
      "50",
      "67",
      "69",
      "86",
      "93",
      "122",
      "126"
    ]
  },
  "7": {
    "size": 660,
    "percentage": 11.0,
    "avg_intra_distance": 37.3804244539738,
    "max_intra_distance": 41.73392095124254,
    "avg_distance_to_center": 26.411143065115418,
    "files": [
      "5",
      "19",
      "22",
      "23",
      "33",
      "59",
      "66",
      "68",
      "71",
      "75"
    ]
  },
  "8": {
    "size": 401,
    "percentage": 6.683333333333333,
    "avg_intra_distance": 37.367627994578825,
    "max_intra_distance": 41.594032166167686,
    "avg_distance_to_center": 26.390271569515555,
    "files": [
      "14",
      "30",
      "40",
      "77",
      "95",
      "135",
      "171",
      "174",
      "204",
      "212"
    ]
  },
  "9": {
    "size": 459,
    "percentage": 7.6499999999999995,
    "avg_intra_distance": 37.364962846680555,
    "max_intra_distance": 41.67154218872822,
    "avg_distance_to_center": 26.392060780004382,
    "files": [
      "24",
      "36",
      "52",
      "70",
      "80",
      "91",
      "104",
      "109",
      "110",
      "111"
    ]
  },
  "10": {
    "size": 643,
    "percentage": 10.716666666666667,
    "avg_intra_distance": 37.42322242527909,
    "max_intra_distance": 41.76294302427336,
    "avg_distance_to_center": 26.441193075505524,
    "files": [
      "4",
      "15",
      "16",
      "29",
      "32",
      "43",
      "45",
      "57",
      "58",
      "62"
    ]
  },
  "11": {
    "size": 648,
    "percentage": 10.8,
    "avg_intra_distance": 37.38542895450885,
    "max_intra_distance": 42.0730827144652,
    "avg_distance_to_center": 26.41502844473536,
    "files": [
      "2",
      "8",
      "21",
      "31",
      "38",
      "48",
      "51",
      "65",
      "89",
      "102"
    ]
  }
}